,Accuracy,F1-Score,Precision,Recall,Train Time (s),Inference Time (s)
Logistic Regression,0.457,0.45378293041521456,0.4535459443134531,0.457,8.136512756347656,0.019997358322143555
Linear SVM,0.45,0.4430301911364637,0.440964396639777,0.45,230.32516741752625,0.01910090446472168
SVM (RBF),0.4145,0.41198743325665954,0.4127851913851243,0.4145,21.50921893119812,12.317163705825806
Random Forest,0.35,0.3465541063032724,0.3460332656987751,0.35,0.6344645023345947,0.03232216835021973
Gradient Boosting,0.396,0.3945921719695914,0.39433683765911026,0.396,426.1178460121155,0.068511962890625
K-Nearest Neighbors,0.2835,0.2831300621039142,0.29724172228989054,0.2835,0.0110015869140625,0.37607884407043457
Naive Bayes,0.1445,0.09567180191163213,0.2597447440855528,0.1445,0.0805208683013916,0.534945011138916
MLP,0.409,0.4107683090058335,0.41471883702683965,0.409,34.117802143096924,0.009002923965454102
